mysql> select * from student;
+----+-----------+-----------+------------------------+------------------------+
| id | FirstName | LastName  | Major                  | Email                  |
+----+-----------+-----------+------------------------+------------------------+
|  1 | Paul      | Wall      | Business               | pwall@umbc.edu         |
|  5 | Michael   | Smith     | Electrical Engineering | michael.smith@umbc.edu |
| 10 | Sophia    | Salsa     | Dance                  | ss@umbc.edu            |
| 11 | Wilma     | Stallings | Network Security       | ws@umbc.edu            |
| 12 | Clinton   | Wells     | Environmental Science  | cw@umbc.edu            |
+----+-----------+-----------+------------------------+------------------------+
5 rows in set (0.00 sec)
mysql> select * from grade;
+----+---------------+------------+-------+
| id | Assignment_ID | Student_ID | Grade |
+----+---------------+------------+-------+
|  1 |             1 |          1 |     6 |
|  9 |             1 |          5 |     5 |
| 11 |             2 |          5 |    10 |
| 16 |             1 |         10 |     4 |
| 17 |             1 |         11 |     5 |
| 18 |             1 |         12 |     4 |
| 19 |             2 |         10 |     4 |
| 20 |             2 |         11 |     5 |
| 21 |             2 |         12 |   4.5 |
| 22 |             6 |         10 |    10 |
| 23 |             6 |         11 |    10 |
| 24 |             6 |         12 |    15 |
| 25 |             6 |          5 |    15 |
| 26 |             6 |          1 |    15 |
| 27 |             7 |         10 |     1 |
| 28 |             7 |         11 |     1 |
| 29 |             7 |         12 |     1 |
| 30 |             7 |          5 |     1 |
| 31 |             7 |          1 |   0.5 |
| 32 |             9 |         10 |    10 |
| 33 |             9 |         11 |    10 |
| 34 |             9 |         12 |    10 |
| 35 |             9 |          5 |   9.5 |
| 36 |             9 |          1 |   8.5 |
+----+---------------+------------+-------+
24 rows in set (0.00 sec)

mysql> select * from assignment;
+----+----------------+-------------+
| id | AssignmentName | PointsTotal |
+----+----------------+-------------+
|  1 | Homework1      |           5 |
|  2 | Homework2      |           5 |
|  6 | Quiz 3         |          15 |
|  7 | HW 10          |           1 |
|  9 | Quiz 2         |          10 |
+----+----------------+-------------+
5 rows in set (0.00 sec)

mysql> select * from users;
+----+----------+------------------------------------------------------------------------------------------------+
| id | username | password_hash                                                                                  |
+----+----------+------------------------------------------------------------------------------------------------+
|  1 | admin    | pbkdf2:sha256:150000$yoamIavt$f104950a6e76295e2b190806e9634431d5bc2f89a79998e88526f3b9155bb492 |
|  2 | testUser | pbkdf2:sha256:150000$Xy5S3mHb$c6f56095330c588178be43ff8a8b72b3612e4d01ea4a4e4cc4194753cd635623 |
+----+----------+------------------------------------------------------------------------------------------------+
