mysql> select * from assignment;
+----+----------------+-------------+
| id | AssignmentName | PointsTotal |
+----+----------------+-------------+
|  1 | Homework1      |           5 |
|  2 | Homework2      |           5 |
|  3 | Quiz1          |          10 |
|  4 | Quiz2          |          10 |
+----+----------------+-------------+
4 rows in set (0.00 sec)

mysql> select * from users;
+----+----------+------------------------------------------------------------------------------------------------+
| id | username | password_hash                                                                                  |
+----+----------+------------------------------------------------------------------------------------------------+
|  1 | admin    | pbkdf2:sha256:150000$yoamIavt$f104950a6e76295e2b190806e9634431d5bc2f89a79998e88526f3b9155bb492 |
+----+----------+------------------------------------------------------------------------------------------------+
1 row in set (0.00 sec)

mysql> show tables;
+-----------------------------------+
| Tables_in_teamstore20$gradebookdb |
+-----------------------------------+
| assignment                        |
| grade                             |
| student                           |
| users                             |
+-----------------------------------+
4 rows in set (0.00 sec)

mysql> select * from grade;
+----+---------------+------------+-------+
| id | Assignment_ID | Student_ID | Grade |
+----+---------------+------------+-------+
|  1 |             1 |          1 |     4 |
|  2 |             3 |          1 |   9.5 |
|  3 |             3 |          2 |   8.5 |
|  4 |             1 |          2 |     5 |
+----+---------------+------------+-------+
4 rows in set (0.00 sec)